id,age,gender,incident_id
1,30,Female,1
2,58,Female,1
3,36,Male,2
4,22,Female,3
5,22,Male,3
6,57,Male,4
7,50,Male,5
8,47,Male,6
9,23,Female,7
10,51,Male,8
11,50,Male,9
12,48,Female,9
13,57,Male,10
14,52,Female,10
15,59,Female,11
16,57,Male,11
17,38,Female,12
18,41,Male,12
19,26,Female,13
20,38,Male,14
21,22,Male,15
22,52,Male,16
23,37,Female,17
24,59,Female,18
25,56,Female,19
26,46,Male,20
27,33,Female,21
28,48,Female,22
29,25,Male,23
30,32,Female,24
31,34,Male,25
32,35,Male,35
33,43,Male,36
34,21,Female,37
35,64,Female,38
36,41,Female,39
37,70,Female,40
38,42,Male,41
39,45,Male,42
40,65,Female,43
41,20,Female,53
42,52,Male,54
43,68,Female,55
44,35,Female,56
45,62,Female,57
46,45,Male,58
47,62,Male,59
48,51,Female,60
49,43,Female,61
50,47,Female,62
51,63,Female,73
52,60,Male,74
53,34,Female,75
54,50,Male,76
55,67,Male,77
56,30,Male,78
57,37,Male,79
58,57,Male,80
59,39,Male,81
60,40,Female,82
61,49,Female,83
62,63,Male,93
63,29,Male,94
64,19,Female,95
65,42,Male,96
66,34,Female,97
67,37,Male,98
68,21,Male,99
69,57,Female,100
70,61,Female,108
71,22,Male,109
72,64,Male,110
73,60,Male,111
74,44,Male,112
75,55,Female,113
76,32,Female,114
77,51,Male,115
78,28,Male,116
79,32,Male,117
80,22,Female,118
81,41,Male,119
82,28,Female,120
83,61,Male,127
84,32,Male,128
85,67,Male,129
86,63,Male,130
87,65,Female,131
88,51,Male,132
89,66,Female,133
90,58,Male,134
91,41,Male,135
92,64,Female,136
93,24,Male,137
94,50,Female,138
95,22,Male,147
96,42,Female,148
97,36,Male,149
98,39,Female,150
99,48,Male,151
100,30,Male,152
101,18,Female,153
102,43,Female,154
103,57,Female,155
104,52,Male,156
105,26,Female,164
106,22,Male,165
107,18,Female,166
108,52,Female,167
109,53,Female,168
110,18,Female,169
111,44,Male,170
112,47,Male,171
113,46,Male,172
114,30,Male,173
115,47,Female,174
116,57,Male,175
117,32,Male,176
118,42,Female,184
119,41,Male,185
120,67,Male,186
121,22,Female,187
122,21,Male,188
123,21,Male,189
124,31,Female,190
125,26,Female,191
126,31,Male,192
127,54,Female,193
128,40,Female,194
129,66,Female,195
130,52,Female,196
131,66,Male,197
132,41,Female,198
133,45,Female,199
134,52,Male,200
135,55,Male,201
136,44,Male,202
137,69,Female,203
138,42,Male,204
139,20,Female,205
140,53,Female,206
141,69,Male,207
142,41,Female,208
143,29,Male,209
144,70,Male,210
145,28,Male,211
146,62,Male,212
147,51,Female,213
148,21,Male,214
149,18,Male,215
150,54,Female,216
151,54,Male,217
152,67,Male,218
153,18,Female,226
154,45,Female,227
155,32,Female,228
156,65,Male,229
157,51,Female,230
158,65,Male,231
159,65,Male,232
160,19,Female,233
161,68,Female,240
162,35,Female,241
163,18,Female,242
164,57,Female,243
165,57,Male,244
166,29,Female,245
167,50,Male,246
168,27,Male,247
169,56,Male,248
170,59,Female,249
171,33,Female,258
172,15,Male,259
173,38,Other,260
174,68,Male,261
175,43,Female,262
176,53,Other,263
177,70,Male,264
178,47,Other,265
179,27,Other,266
180,25,Female,267
181,76,Female,268
182,75,Male,269
183,26,Male,270
184,69,Female,271
185,73,Other,272
186,80,Male,273
187,71,Other,274
188,32,Female,275
189,60,Other,276
190,27,Female,277
191,25,Other,278
192,33,Female,279
193,29,Male,280
194,74,Other,281
195,50,Other,282
196,25,Male,283
197,36,Other,284
198,61,Male,285
199,39,Male,286
200,44,Other,287
201,65,Other,288
202,44,Other,289
203,66,Male,290
204,73,Other,291
205,39,Male,292
206,39,Male,293
207,61,Female,294
208,57,Other,295
209,50,Other,296
210,58,Female,297
211,27,Female,298
212,39,Male,299
213,36,Other,300
214,50,Female,301
215,77,Male,302
216,50,Male,303
217,36,Female,304
218,71,Other,305
219,31,Male,306
220,35,Female,307
221,37,Female,308
222,62,Male,309
223,54,Male,310
224,28,Other,311
225,55,Male,312
226,11,Female,313
227,64,Other,314
228,44,Other,315
229,30,Male,316
230,80,Male,317
231,59,Male,318
232,17,Other,319
233,74,Other,320
234,38,Female,321
235,68,Other,322
236,65,Female,323
237,49,Male,324
238,29,Male,325
239,77,Female,326
240,52,Other,327
241,16,Male,328
242,47,Other,329
243,14,Other,330
244,27,Female,331
245,64,Other,332
246,10,Other,333
247,10,Female,334
248,56,Other,335
249,74,Female,336
250,67,Male,337
251,23,Female,338
252,71,Other,339
253,38,Male,340
254,12,Male,341
255,24,Other,342
256,50,Female,343
257,66,Other,344
258,13,Male,345
259,18,Other,346
260,47,Female,347
261,77,Other,348
262,22,Female,349
263,60,Other,350
264,19,Female,351
265,50,Male,352
266,29,Other,353
267,13,Male,354
268,30,Other,355
269,58,Female,356
270,15,Female,357
271,70,Female,358
272,55,Female,359
273,23,Male,360
274,66,Male,361
275,75,Female,362
276,45,Female,363
277,61,Female,364
278,32,Female,365
279,63,Other,366
280,75,Female,367
281,62,Other,368
282,47,Other,369
283,73,Female,370
284,65,Other,371
285,54,Female,372
286,41,Male,373
287,37,Other,374
288,47,Female,375
289,64,Other,376
290,38,Female,377
291,11,Other,378
292,24,Female,379
293,28,Male,380
294,12,Other,381
295,12,Female,382
296,24,Other,383
297,71,Male,384
298,35,Male,385
299,21,Male,386
300,53,Male,387
301,32,Female,388
302,70,Female,389
303,57,Other,390
304,53,Female,391
305,53,Male,392
306,43,Male,393
307,53,Female,394
308,57,Male,395
309,73,Female,396
310,58,Female,397
311,28,Female,398
312,57,Male,399
313,10,Female,400
314,52,Male,401
315,32,Female,402
316,52,Male,403
317,70,Male,404
318,39,Other,405
319,73,Other,406
320,70,Other,407
321,57,Other,408
322,66,Other,409
323,13,Male,410
324,80,Female,411
325,56,Female,412
326,41,Other,413
327,39,Male,414
328,37,Male,415
329,49,Other,416
330,31,Male,417
331,53,Female,418
332,51,Female,419
333,38,Female,420
334,49,Male,421
335,68,Male,422
336,43,Male,423
337,21,Female,424
338,21,Female,425
339,60,Female,426
340,42,Male,427
341,27,Female,428
342,21,Other,429
343,40,Male,430
344,58,Female,431
345,76,Male,432
346,28,Female,433
347,54,Other,434
348,14,Male,435
349,39,Female,436
350,60,Other,437
351,55,Female,438
352,40,Other,439
353,76,Male,440
354,33,Other,441
355,50,Female,442
356,22,Female,443
357,73,Other,444
358,15,Other,445
359,11,Female,446
360,46,Female,447
361,33,Female,448
362,58,Male,449
363,29,Other,450
364,60,Other,451
365,19,Female,452
366,51,Male,453
367,20,Other,454
368,79,Male,455
369,59,Female,456
370,57,Female,457
371,51,Female,458
372,74,Female,459
373,14,Female,460
374,60,Other,461
375,37,Female,462
376,12,Female,463
377,43,Female,464
378,78,Female,465
379,18,Male,466
380,45,Other,467
381,73,Female,468
382,30,Female,469
383,28,Other,470
384,39,Male,471
385,34,Other,472
386,71,Male,473
387,13,Male,474
388,73,Male,475
389,59,Other,476
390,75,Male,477
391,45,Female,478
392,78,Other,479
393,14,Male,480
394,73,Female,481
395,25,Other,482
396,29,Female,483
397,22,Male,484
398,60,Female,485
399,68,Male,486
400,30,Male,487
401,74,Female,488
402,70,Other,489
403,67,Female,490
404,31,Male,491
405,19,Female,492
406,80,Other,493
407,44,Male,494
408,15,Female,495
409,17,Female,496
410,71,Male,497
411,78,Female,498
412,71,Female,499
413,73,Other,500
414,46,Female,501
415,50,Other,502
416,20,Other,503
417,35,Female,504
418,31,Female,505
419,57,Other,506
420,74,Other,507
421,19,Other,508
422,26,Male,509
423,28,Other,510
424,23,Female,511
425,42,Male,512
426,32,Male,513
427,59,Other,514
428,26,Male,515
429,79,Other,516
430,11,Male,517
431,22,Other,518
432,11,Male,519
433,27,Female,520
434,62,Female,521
435,36,Female,522
436,44,Female,523
437,78,Other,524
438,39,Other,525
439,32,Other,526
440,68,Male,527
441,11,Female,528
442,46,Female,529
443,69,Male,530
444,34,Other,531
445,10,Male,532
446,47,Female,533
447,79,Other,534
448,32,Other,535
449,73,Female,536
450,24,Male,537
451,65,Female,538
452,33,Other,539
453,61,Male,540
454,61,Male,541
455,53,Other,542
456,17,Male,543
457,38,Female,544
458,29,Female,545
459,74,Male,546
460,55,Other,547
461,32,Female,548
462,72,Other,549
463,48,Other,550
464,44,Female,551
465,51,Other,552
466,19,Male,553
467,63,Male,554
468,52,Female,555
469,58,Other,556
470,45,Male,557
471,14,Male,558
472,35,Male,559
473,38,Female,560
474,36,Other,561
475,38,Male,562
476,22,Male,563
477,12,Female,564
478,71,Male,565
479,17,Male,566
480,54,Female,567
481,48,Male,568
482,37,Male,569
483,74,Other,570
484,63,Female,571
485,39,Other,572
486,63,Other,573
487,50,Female,574
488,32,Other,575
489,22,Female,576
490,48,Female,577
491,18,Male,578
492,73,Other,579
493,65,Female,580
494,70,Other,581
495,58,Female,582
496,62,Male,583
497,29,Female,584
498,54,Female,585
499,40,Male,586
500,40,Male,587
501,70,Male,588
502,36,Other,589
503,50,Male,590
504,48,Male,591
505,59,Male,592
506,28,Female,593
507,31,Female,594
508,76,Female,595
509,50,Other,596
510,72,Other,597
511,36,Male,598
512,39,Other,599
513,51,Female,600
514,24,Female,601
515,74,Female,602
516,68,Male,603
517,50,Female,604
518,18,Male,605
519,65,Other,606
520,33,Female,607
521,72,Female,608
522,25,Other,609
523,55,Female,610
524,65,Female,611
525,25,Male,612
526,19,Female,613
527,39,Other,614
528,43,Other,615
529,51,Other,616
530,58,Female,617
531,30,Other,618
532,29,Other,619
533,32,Male,620
534,58,Other,621
535,26,Other,622
536,43,Male,623
537,15,Male,624
538,76,Other,625
539,68,Female,626
540,73,Male,627
541,67,Other,628
542,18,Other,629
543,71,Male,630
544,18,Female,631
545,22,Other,632
546,27,Other,633
547,38,Female,634
548,60,Male,635
549,35,Male,636
550,79,Male,637
551,30,Female,638
552,12,Female,639
553,54,Female,640
554,74,Female,641
555,11,Male,642
556,34,Other,643
557,76,Female,644
558,11,Other,645
559,23,Female,646
560,33,Other,647
561,30,Male,648
562,12,Other,649
563,48,Male,650
564,62,Male,651
565,32,Other,652
566,38,Male,653
567,30,Male,654
568,31,Other,655
569,57,Male,656
570,44,Female,657
571,20,Female,658
572,36,Other,659
573,25,Other,660
574,17,Female,661
575,63,Male,662
576,25,Other,663
577,76,Female,664
578,61,Other,665
579,68,Male,666
580,77,Male,667
581,65,Female,668
582,55,Other,669
583,25,Other,670
584,11,Female,671
585,27,Other,672
586,10,Male,673
587,34,Male,674
588,32,Female,675
589,16,Other,676
590,30,Other,677
591,35,Female,678
592,36,Female,679
593,37,Other,680
594,55,Other,681
595,78,Other,682
596,30,Other,683
597,36,Female,684
598,74,Female,685
599,43,Other,686
600,22,Other,687
601,10,Male,688
602,40,Male,689
603,80,Male,690
604,58,Female,691
605,27,Male,692
606,28,Other,693
607,12,Male,694
608,31,Female,695
609,46,Male,696
610,40,Other,697
611,58,Other,698
612,54,Female,699
613,16,Other,700
614,37,Female,701
615,33,Other,702
616,79,Other,703
617,11,Male,704
618,16,Female,705
619,67,Female,706
620,14,Female,707
621,17,Male,708
622,57,Female,709
623,77,Female,710
624,62,Other,711
625,52,Other,712
626,45,Other,713
627,38,Other,714
628,43,Female,715
629,24,Male,716
630,35,Female,717
631,54,Female,718
632,30,Male,719
633,52,Female,720
634,47,Female,721
635,26,Other,722
636,35,Male,723
637,76,Female,724
638,40,Other,725
639,11,Female,726
640,69,Female,727
641,80,Male,728
642,65,Other,729
643,41,Female,730
644,47,Female,731
645,57,Male,732
646,19,Male,733
647,61,Male,734
648,41,Female,735
649,63,Other,736
650,65,Male,737
651,24,Male,738
652,16,Female,739
653,33,Female,740
654,66,Female,741
655,55,Male,742
656,50,Other,743
657,23,Male,744
658,52,Other,745
659,18,Male,746
660,52,Female,747
661,63,Female,748
662,17,Other,749
663,20,Female,750
664,48,Other,751
665,79,Female,752
666,63,Other,753
667,56,Other,754
668,70,Male,755
669,59,Male,756
670,19,Male,757
671,34,Male,758
672,48,Other,759
673,10,Female,760
674,67,Female,761
675,20,Other,762
676,22,Female,763
677,26,Male,764
678,77,Other,765
679,57,Female,766
680,46,Male,767
681,80,Female,768
682,76,Other,769
683,38,Other,770
684,48,Other,771
685,27,Other,772
686,10,Female,773
687,61,Male,774
688,21,Male,775
689,14,Female,776
690,36,Other,777
691,36,Female,778
692,13,Female,779
693,11,Male,780
694,18,Female,781
695,21,Male,782
696,60,Male,783
697,69,Other,784
698,34,Other,785
699,14,Female,786
700,28,Male,787
701,48,Other,788
702,15,Other,789
703,76,Female,790
704,62,Female,791
705,68,Female,792
706,50,Male,793
707,27,Other,794
708,32,Female,795
709,26,Other,796
710,57,Male,797
711,59,Male,798
712,62,Other,799
713,71,Female,800
714,17,Male,801
715,32,Other,802
716,64,Male,803
717,70,Female,804
718,18,Male,805
719,66,Other,806
720,13,Other,807
721,45,Male,808
722,39,Male,809
723,74,Other,810
724,56,Other,811
725,11,Male,812
726,33,Female,813
727,63,Other,814
728,57,Male,815
729,61,Other,816
730,68,Other,817
731,76,Female,818
732,14,Male,819
733,63,Other,820
734,57,Male,821
735,67,Other,822
736,53,Female,823
737,75,Male,824
738,37,Male,825
739,41,Male,826
740,46,Female,827
741,71,Other,828
742,78,Female,829
743,61,Female,830
744,23,Male,831
745,79,Male,832
746,45,Male,833
747,29,Other,834
748,29,Male,835
749,43,Other,836
750,35,Other,837
751,24,Other,838
752,68,Male,839
753,70,Female,840
754,37,Male,841
755,51,Other,842
756,36,Male,843
757,68,Other,844
758,64,Male,845
759,59,Female,846
760,64,Male,847
761,58,Other,848
762,46,Male,849
763,36,Male,850
764,72,Male,851
765,19,Other,852
766,32,Female,853
767,68,Other,854
768,13,Female,855
769,49,Other,856
770,73,Female,857
771,17,Male,858
772,49,Male,859
773,47,Male,860
774,54,Male,861
775,67,Female,862
776,58,Other,863
777,32,Male,864
778,38,Male,865
779,43,Male,866
780,29,Female,867
781,16,Other,868
782,27,Male,869
783,13,Other,870
784,53,Female,871
785,53,Male,872
786,12,Male,873
787,71,Male,874
788,44,Male,875
789,15,Other,876
790,43,Male,877
791,69,Male,878
792,51,Male,879
793,46,Other,880
794,75,Other,881
795,71,Female,882
796,74,Other,883
797,24,Male,884
798,21,Male,885
799,13,Female,886
800,29,Male,887
801,20,Other,888
802,70,Male,889
803,66,Male,890
804,27,Other,891
805,16,Male,892
806,43,Female,893
807,33,Other,894
808,16,Other,895
809,70,Other,896
810,17,Female,897
811,70,Female,898
812,78,Female,899
813,53,Female,900
814,11,Female,901
815,58,Other,902
816,79,Male,903
817,19,Male,904
818,25,Male,905
819,19,Male,906
820,19,Female,907
821,50,Other,908
822,42,Male,909
823,63,Male,910
824,36,Female,911
825,72,Male,912
826,57,Male,913
827,74,Female,914
828,69,Female,915
829,13,Other,916
830,64,Male,917
831,69,Female,918
832,66,Female,919
833,26,Female,920
834,11,Female,921
835,54,Female,922
836,48,Male,923
837,62,Male,924
838,12,Male,925
839,47,Male,926
840,16,Other,927
841,27,Other,928
842,35,Male,929
843,67,Male,930
844,51,Female,931
845,74,Female,932
846,76,Female,933
847,39,Other,934
848,38,Male,935
849,51,Male,936
850,39,Male,937
851,49,Female,938
852,38,Male,939
853,61,Female,940
854,75,Female,941
855,55,Male,942
856,24,Female,943
857,65,Other,944
858,39,Female,945
859,35,Other,946
860,40,Male,947
861,75,Male,948
862,76,Other,949
863,59,Female,950
864,63,Other,951
865,76,Female,952
866,44,Female,953
867,20,Female,954
868,18,Male,955
869,24,Female,956
870,18,Female,957
871,46,Male,958
872,17,Male,959
873,56,Male,960
874,63,Other,961
875,44,Male,962
876,54,Other,963
877,47,Other,964
878,48,Other,965
879,10,Female,966
880,28,Other,967
881,35,Female,968
882,13,Male,969
883,15,Other,970
884,73,Male,971
885,80,Female,972
886,33,Female,973
887,70,Female,974
888,37,Male,975
889,74,Female,976
890,31,Male,977
891,68,Female,978
892,39,Female,979
893,38,Other,980
894,80,Female,981
895,24,Male,982
896,39,Other,983
897,42,Female,984
898,56,Other,985
899,24,Female,986
900,79,Male,987
901,37,Other,988
902,55,Female,989
903,30,Male,990
904,30,Male,991
905,10,Male,992
906,28,Other,993
907,38,Female,994
908,41,Other,995
909,59,Female,996
910,46,Male,997
911,79,Female,998
912,73,Other,999
913,38,Other,1000
914,54,Male,1001
915,56,Male,1002
916,61,Male,1003
917,14,Other,1004
918,35,Other,1005
919,53,Other,1006
920,21,Female,1007
921,54,Male,1008
922,74,Male,1009
923,24,Female,1010
924,44,Other,1011
925,60,Female,1012
926,22,Female,1013
927,47,Female,1014
928,19,Male,1015
929,66,Male,1016
930,72,Female,1017
931,78,Other,1018
932,75,Male,1019
933,14,Female,1020
934,19,Other,1021
935,56,Female,1022
936,42,Other,1023
937,17,Other,1024
938,23,Male,1025
939,38,Other,1026
940,27,Other,1027
941,53,Female,1028
942,79,Male,1029
943,17,Male,1030
944,65,Male,1031
945,41,Male,1032
946,62,Other,1033
947,11,Male,1034
948,29,Male,1035
949,70,Male,1036
950,21,Male,1037
951,37,Female,1038
952,22,Other,1039
953,28,Male,1040
954,49,Other,1041
955,32,Other,1042
956,14,Male,1043
957,39,Female,1044
958,36,Other,1045
959,80,Other,1046
960,57,Other,1047
961,53,Male,1048
962,24,Male,1049
963,52,Other,1050
964,27,Other,1051
965,60,Female,1052
966,38,Other,1053
967,38,Female,1054
968,42,Other,1055
969,61,Female,1056
970,14,Male,1057
971,26,Female,1058
972,15,Male,1059
973,12,Other,1060
974,78,Female,1061
975,80,Male,1062
976,29,Male,1063
977,42,Female,1064
978,54,Male,1065
979,78,Male,1066
980,13,Female,1067
981,53,Other,1068
982,40,Other,1069
983,46,Other,1070
984,67,Male,1071
985,16,Female,1072
986,38,Male,1073
987,25,Female,1074
988,33,Female,1075
989,72,Female,1076
990,30,Male,1077
991,27,Female,1078
992,77,Female,1079
993,33,Male,1080
994,38,Female,1081
995,11,Other,1082
996,29,Male,1083
997,80,Male,1084
998,59,Male,1085
999,68,Male,1086
1000,78,Male,1087
1001,57,Male,1088
1002,75,Other,1089
1003,63,Other,1090
1004,39,Female,1091
1005,41,Female,1092
1006,17,Male,1093
1007,31,Other,1094
1008,28,Male,1095
1009,37,Female,1096
1010,36,Other,1097
1011,43,Other,1098
1012,65,Female,1099
1013,71,Other,1100
1014,56,Other,1101
1015,70,Female,1102
1016,72,Other,1103
1017,30,Other,1104
1018,76,Male,1105
1019,56,Male,1106
1020,19,Female,1107
1021,67,Male,1108
1022,38,Male,1109
1023,37,Male,1110
1024,26,Other,1111
1025,80,Other,1112
1026,48,Other,1113
1027,73,Other,1114
1028,74,Other,1115
1029,48,Female,1116
1030,48,Other,1117
1031,72,Female,1118
1032,29,Female,1119
1033,54,Female,1120
1034,75,Other,1121
1035,36,Male,1122
1036,31,Male,1123
1037,21,Other,1124
1038,59,Male,1125
1039,18,Female,1126
1040,33,Other,1127
1041,39,Male,1128
1042,31,Female,1129
1043,25,Male,1130
1044,45,Male,1131
1045,36,Other,1132
1046,24,Other,1133
1047,38,Female,1134
1048,72,Other,1135
1049,17,Other,1136
1050,45,Other,1137
1051,27,Other,1138
1052,29,Female,1139
1053,55,Female,1140
1054,17,Other,1141
1055,68,Male,1142
1056,25,Other,1143
1057,64,Other,1144
1058,28,Other,1145
1059,18,Female,1146
1060,79,Other,1147
1061,54,Male,1148
1062,69,Female,1149
1063,49,Female,1150
1064,33,Male,1151
1065,49,Male,1152
1066,42,Male,1153
1067,19,Male,1154
1068,18,Male,1155
1069,52,Female,1156
1070,66,Male,1157
1071,23,Other,1158
1072,76,Other,1159
1073,37,Female,1160
1074,40,Other,1161
1075,31,Male,1162
1076,48,Female,1163
1077,38,Male,1164
1078,34,Other,1165
1079,43,Other,1166
1080,22,Male,1167
1081,14,Female,1168
1082,10,Female,1169
1083,47,Female,1170
1084,52,Female,1171
1085,10,Other,1172
1086,47,Female,1173
1087,70,Female,1174
1088,39,Male,1175
1089,37,Female,1176
1090,32,Female,1177
1091,53,Male,1178
1092,80,Female,1179
1093,18,Male,1180
1094,16,Female,1181
1095,80,Other,1182
1096,75,Male,1183
1097,52,Male,1184
1098,26,Male,1185
1099,76,Female,1186
1100,49,Male,1187
1101,58,Other,1188
1102,59,Male,1189
1103,17,Male,1190
1104,78,Male,1191
1105,47,Female,1192
1106,67,Other,1193
1107,34,Male,1194
1108,54,Male,1195
1109,56,Other,1196
1110,47,Male,1197
1111,20,Male,1198
1112,76,Male,1199
1113,38,Male,1200
1114,43,Male,1201
1115,30,Male,1202
1116,30,Male,1203
1117,77,Other,1204
1118,33,Other,1205
1119,58,Female,1206
1120,51,Male,1207
1121,70,Other,1208
1122,20,Female,1209
1123,34,Other,1210
1124,35,Male,1211
1125,23,Other,1212
1126,20,Male,1213
1127,10,Female,1214
1128,51,Female,1215
1129,53,Male,1216
1130,45,Female,1217
1131,18,Other,1218
1132,19,Male,1219
1133,76,Other,1220
1134,39,Male,1221
1135,41,Male,1222
1136,35,Female,1223
1137,51,Male,1224
1138,12,Male,1225
1139,68,Female,1226
1140,40,Other,1227
1141,64,Female,1228
1142,29,Other,1229
1143,12,Other,1230
1144,78,Female,1231
1145,68,Female,1232
1146,25,Female,1233
1147,49,Female,1234
1148,53,Other,1235
1149,74,Female,1236
1150,79,Male,1237
1151,32,Male,1238
1152,40,Female,1239
1153,36,Other,1240
1154,37,Female,1241
1155,74,Female,1242
1156,68,Female,1243
1157,80,Male,1244
1158,22,Female,1245
1159,58,Male,1246
1160,47,Female,1247
1161,54,Male,1248
1162,15,Other,1249
1163,35,Female,1250
1164,58,Male,1251
1165,22,Other,1252
1166,42,Female,1253
1167,63,Female,1254
1168,70,Other,1255
1169,79,Other,1256
1170,17,Female,1257
1171,54,Male,1258
1172,65,Other,1259
1173,68,Male,1260
1174,62,Other,1261
1175,67,Other,1262
1176,47,Other,1263
1177,11,Male,1264
1178,35,Male,1265
1179,57,Male,1266
1180,73,Female,1267
1181,38,Female,1268
1182,69,Female,1269
1183,71,Other,1270
1184,15,Male,1271
1185,40,Male,1272
1186,44,Other,1273
1187,53,Female,1274
1188,67,Male,1275
1189,72,Female,1276
1190,21,Female,1277
1191,76,Other,1278
1192,50,Female,1279
1193,48,Other,1280
1194,76,Female,1281
1195,49,Female,1282
1196,48,Female,1283
1197,18,Male,1284
1198,51,Male,1285
1199,60,Other,1286
1200,29,Other,1287
1201,30,Female,1288
1202,49,Female,1289
1203,25,Female,1290
1204,13,Other,1291
1205,15,Male,1292
1206,66,Female,1293
1207,54,Other,1294
1208,48,Other,1295
1209,56,Male,1296
1210,20,Male,1297
1211,54,Female,1298
1212,54,Other,1299
1213,47,Male,1300
1214,75,Other,1301
1215,46,Other,1302
1216,26,Male,1303
1217,49,Other,1304
1218,60,Male,1305
1219,53,Other,1306
1220,28,Other,1307
1221,66,Male,1308
1222,30,Male,1309
1223,64,Male,1310
1224,49,Female,1311
1225,24,Male,1312
1226,76,Male,1313
1227,52,Other,1314
1228,48,Male,1315
1229,43,Other,1316
1230,11,Male,1317
1231,22,Male,1318
1232,23,Female,1319
1233,14,Male,1320
1234,44,Other,1321
1235,10,Male,1322
1236,14,Female,1323
1237,35,Male,1324
1238,57,Male,1325
1239,25,Female,1326
1240,57,Female,1327
1241,11,Male,1328
1242,36,Male,1329
1243,15,Other,1330
1244,35,Female,1331
1245,28,Male,1332
1246,43,Other,1333
1247,56,Other,1334
1248,19,Other,1335
1249,60,Male,1336
1250,31,Other,1337
1251,24,Other,1338
1252,16,Male,1339
1253,66,Female,1340
1254,27,Other,1341
1255,47,Other,1342
1256,61,Other,1343
1257,44,Female,1344
1258,50,Female,1345
1259,80,Other,1346
1260,12,Male,1347
1261,42,Other,1348
1262,21,Other,1349
1263,76,Male,1350
1264,11,Male,1351
1265,36,Other,1352
1266,20,Male,1353
1267,17,Male,1354
1268,31,Male,1355
1269,59,Other,1356
1270,54,Male,1357
1271,16,Male,1358
1272,68,Other,1359
1273,16,Female,1360
1274,17,Female,1361
1275,74,Male,1362
1276,44,Female,1363
1277,30,Male,1364
1278,33,Female,1365
1279,60,Female,1366
1280,60,Other,1367
1281,28,Male,1368
1282,30,Female,1369
1283,66,Male,1370
1284,71,Female,1371
1285,10,Female,1372
1286,46,Other,1373
1287,74,Male,1374
1288,21,Other,1375
1289,36,Male,1376
1290,27,Female,1377
1291,32,Male,1378
1292,44,Other,1379
1293,74,Female,1380
1294,57,Female,1381
1295,78,Other,1382
1296,31,Female,1383
1297,68,Male,1384
1298,11,Female,1385
1299,73,Female,1386
1300,75,Female,1387
1301,16,Female,1388
1302,46,Other,1389
1303,18,Female,1390
1304,18,Other,1391
1305,18,Female,1392
1306,23,Male,1393
1307,28,Other,1394
1308,71,Male,1395
1309,78,Other,1396
1310,26,Female,1397
1311,44,Other,1398
1312,14,Male,1399
1313,39,Male,1400
1314,56,Other,1401
1315,55,Female,1402
1316,24,Other,1403
1317,64,Male,1404
1318,28,Female,1405
1319,44,Other,1406
1320,27,Female,1407
1321,19,Male,1408
1322,66,Male,1409
1323,30,Male,1410
1324,70,Female,1411
1325,31,Other,1412
1326,16,Female,1413
1327,35,Other,1414
1328,20,Other,1415
1329,31,Other,1416
1330,74,Other,1417
1331,56,Other,1418
1332,35,Other,1419
1333,35,Male,1420
1334,53,Other,1421
1335,35,Female,1422
1336,80,Female,1423
1337,30,Other,1424
1338,51,Male,1425
1339,56,Female,1426
1340,53,Male,1427
1341,63,Female,1428
1342,45,Male,1429
1343,29,Male,1430
1344,80,Female,1431
1345,66,Male,1432
1346,27,Female,1433
1347,18,Female,1434
1348,44,Male,1435
1349,41,Other,1436
1350,24,Male,1437
1351,15,Other,1438
1352,39,Female,1439
1353,57,Female,1440
1354,60,Male,1441
1355,58,Female,1442
1356,25,Female,1443
1357,53,Male,1444
1358,61,Male,1445
1359,77,Male,1446
1360,43,Other,1447
1361,48,Male,1448
1362,53,Male,1449
1363,37,Other,1450
1364,68,Other,1451
1365,15,Male,1452
1366,38,Male,1453
1367,63,Male,1454
1368,60,Other,1455
1369,58,Male,1456
1370,40,Female,1457
1371,33,Male,1458
1372,67,Other,1459
1373,65,Other,1460
1374,24,Other,1461
1375,13,Female,1462
1376,74,Male,1463
1377,31,Other,1464
1378,49,Female,1465
1379,13,Other,1466
1380,65,Female,1467
1381,57,Other,1468
1382,17,Female,1469
1383,64,Female,1470
1384,23,Other,1471
1385,13,Male,1472
1386,18,Other,1473
1387,32,Female,1474
1388,65,Male,1475
1389,12,Other,1476
1390,50,Female,1477
1391,64,Female,1478
1392,36,Male,1479
1393,64,Female,1480
1394,24,Male,1481
1395,76,Female,1482
1396,34,Male,1483
1397,13,Female,1484
1398,14,Other,1485
1399,12,Other,1486
1400,44,Other,1487
1401,26,Male,1488
1402,11,Male,1489
1403,21,Other,1490
1404,71,Female,1491
1405,60,Other,1492
1406,63,Female,1493
1407,54,Other,1494
1408,56,Male,1495
1409,52,Male,1496
1410,58,Male,1497
1411,29,Female,1498
1412,40,Male,1499
1413,33,Male,1500
1414,65,Female,1501
1415,13,Other,1502
1416,12,Other,1503
1417,74,Female,1504
1418,22,Other,1505
1419,29,Male,1506
1420,32,Male,1507
1421,14,Other,1508
1422,13,Male,1509
1423,44,Male,1510
1424,61,Other,1511
1425,46,Other,1512
1426,18,Female,1513
1427,52,Male,1514
1428,74,Male,1515
1429,14,Male,1516
1430,79,Other,1517
1431,41,Male,1518
1432,10,Male,1519
1433,42,Male,1520
1434,42,Male,1521
1435,26,Other,1522
1436,16,Female,1523
1437,79,Male,1524
1438,59,Other,1525
1439,58,Other,1526
1440,39,Other,1527
1441,59,Male,1528
1442,47,Female,1529
1443,47,Male,1530
1444,49,Female,1531
1445,28,Female,1532
1446,22,Female,1533
1447,48,Male,1534
1448,69,Other,1535
1449,58,Male,1536
1450,77,Other,1537
1451,51,Other,1538
1452,17,Female,1539
1453,33,Other,1540
1454,79,Male,1541
1455,80,Female,1542
1456,62,Male,1543
1457,28,Female,1544
1458,75,Female,1545
1459,40,Female,1546
1460,28,Female,1547
1461,70,Male,1548
1462,22,Other,1549
1463,71,Male,1550
1464,12,Male,1551
1465,16,Male,1552
1466,33,Male,1553
1467,16,Other,1554
1468,14,Other,1555
1469,62,Male,1556
1470,80,Male,1557
1471,12,Female,1558
1472,75,Male,1559
1473,17,Male,1560
1474,12,Male,1561
1475,51,Female,1562
1476,23,Other,1563
1477,21,Other,1564
1478,37,Other,1565
1479,54,Male,1566
1480,60,Male,1567
1481,20,Other,1568
1482,22,Female,1569
1483,58,Female,1570
1484,60,Other,1571
1485,27,Other,1572
1486,20,Male,1573
1487,44,Male,1574
1488,48,Female,1575
1489,13,Female,1576
1490,69,Male,1577
1491,58,Male,1578
1492,31,Male,1579
1493,68,Female,1580
1494,35,Other,1581
1495,19,Other,1582
1496,13,Male,1583
1497,47,Male,1584
1498,71,Other,1585
1499,28,Male,1586
1500,59,Other,1587
1501,67,Female,1588
1502,78,Male,1589
1503,72,Other,1590
1504,39,Male,1591
1505,71,Female,1592
1506,72,Female,1593
1507,79,Female,1594
1508,55,Other,1595
1509,32,Male,1596
1510,77,Female,1597
1511,19,Female,1598
1512,70,Female,1599
1513,59,Female,1600
1514,21,Other,1601
1515,34,Female,1602
1516,10,Female,1603
1517,34,Male,1604
1518,29,Female,1605
1519,15,Male,1606
1520,48,Male,1607
1521,72,Other,1608
1522,46,Other,1609
1523,55,Female,1610
1524,32,Male,1611
1525,58,Female,1612
1526,27,Other,1613
1527,29,Female,1614
1528,65,Female,1615
1529,13,Other,1616
1530,70,Male,1617
1531,34,Other,1618
1532,44,Male,1619
1533,16,Female,1620
1534,48,Male,1621
1535,71,Female,1622
1536,45,Other,1623
1537,55,Female,1624
1538,46,Male,1625
1539,42,Other,1626
1540,71,Female,1627
1541,32,Male,1628
1542,62,Other,1629
1543,67,Male,1630
1544,68,Female,1631
1545,15,Male,1632
1546,38,Male,1633
1547,10,Other,1634
1548,12,Male,1635
1549,23,Other,1636
1550,33,Male,1637
1551,46,Male,1638
1552,65,Female,1639
1553,68,Other,1640
1554,74,Female,1641
1555,54,Male,1642
1556,59,Other,1643
1557,23,Other,1644
1558,79,Female,1645
1559,42,Female,1646
1560,20,Other,1647
1561,50,Female,1648
1562,17,Male,1649
1563,34,Female,1650
1564,22,Other,1651
1565,13,Female,1652
1566,18,Male,1653
1567,33,Other,1654
1568,47,Male,1655
1569,18,Male,1656
1570,67,Other,1657
1571,14,Other,1658
1572,35,Male,1659
1573,78,Female,1660
1574,57,Male,1661
1575,22,Female,1662
1576,45,Female,1663
1577,12,Female,1664
1578,80,Other,1665
1579,60,Other,1666
1580,36,Female,1667
1581,39,Other,1668
1582,67,Male,1669
1583,68,Male,1670
1584,77,Other,1671
1585,24,Other,1672
1586,50,Other,1673
1587,72,Female,1674
1588,19,Male,1675
1589,70,Male,1676
1590,12,Female,1677
1591,26,Male,1678
1592,76,Female,1679
1593,32,Male,1680
1594,36,Male,1681
1595,46,Female,1682
1596,11,Other,1683
1597,24,Other,1684
1598,39,Female,1685
1599,62,Female,1686
1600,66,Male,1687
1601,61,Male,1688
1602,30,Other,1689
1603,32,Female,1690
1604,73,Male,1691
1605,80,Other,1692
1606,61,Female,1693
1607,27,Male,1694
1608,35,Other,1695
1609,44,Female,1696
1610,18,Female,1697
1611,16,Other,1698
1612,45,Other,1699
1613,78,Other,1700
1614,76,Male,1701
1615,60,Male,1702
1616,36,Other,1703
1617,52,Other,1704
1618,45,Other,1705
1619,11,Female,1706
1620,49,Male,1707
1621,43,Female,1708
1622,44,Female,1709
1623,18,Male,1710
1624,79,Other,1711
1625,80,Female,1712
1626,53,Female,1713
1627,17,Female,1714
1628,21,Other,1715
1629,20,Male,1716
1630,46,Male,1717
1631,80,Female,1718
1632,76,Other,1719
1633,24,Female,1720
1634,45,Other,1721
1635,45,Female,1722
1636,36,Male,1723
1637,47,Male,1724
1638,30,Male,1725
1639,49,Female,1726
1640,46,Female,1727
1641,51,Female,1728
1642,77,Male,1729
1643,35,Male,1730
1644,77,Female,1731
1645,42,Male,1732
1646,16,Female,1733
1647,66,Male,1734
1648,17,Female,1735
1649,34,Other,1736
1650,72,Other,1737
1651,20,Male,1738
1652,75,Other,1739
1653,69,Other,1740
1654,59,Other,1741
1655,36,Female,1742
1656,15,Female,1743
1657,75,Female,1744
1658,19,Male,1745
1659,73,Other,1746
1660,53,Male,1747
1661,80,Other,1748
1662,24,Female,1749
1663,25,Male,1750
1664,64,Other,1751
1665,61,Other,1752
1666,24,Female,1753
1667,35,Other,1754
1668,18,Male,1755
1669,42,Male,1756
1670,47,Other,1757
1671,29,Male,1758
1672,17,Other,1759
1673,69,Male,1760
1674,34,Female,1761
1675,71,Other,1762
1676,37,Other,1763
1677,66,Female,1764
1678,71,Other,1765
1679,32,Other,1766
1680,37,Female,1767
1681,38,Male,1768
1682,26,Female,1769
1683,69,Female,1770
1684,49,Female,1771
1685,25,Other,1772
1686,50,Other,1773
1687,64,Other,1774
1688,21,Male,1775
1689,31,Female,1776
1690,66,Other,1777
1691,20,Other,1778
1692,40,Male,1779
1693,44,Female,1780
1694,76,Female,1781
1695,61,Female,1782
1696,15,Other,1783
1697,31,Other,1784
1698,29,Other,1785
1699,50,Male,1786
1700,53,Female,1787
1701,58,Other,1788
1702,55,Male,1789
1703,11,Female,1790
1704,79,Male,1791
1705,16,Male,1792
1706,18,Male,1793
1707,28,Male,1794
1708,23,Female,1795
1709,47,Female,1796
1710,31,Other,1797
1711,54,Other,1798
1712,19,Other,1799
1713,71,Male,1800
1714,13,Other,1801
1715,13,Other,1802
1716,67,Other,1803
1717,72,Male,1804
1718,40,Male,1805
1719,61,Female,1806
1720,10,Male,1807
1721,53,Female,1808
1722,51,Male,1809
1723,26,Female,1810
1724,16,Female,1811
1725,10,Female,1812
1726,32,Other,1813
1727,11,Female,1814
1728,32,Female,1815
1729,40,Female,1816
1730,24,Female,1817
1731,29,Female,1818
1732,67,Other,1819
1733,17,Male,1820
1734,13,Female,1821
1735,65,Female,1822
1736,57,Female,1823
1737,59,Male,1824
1738,18,Other,1825
1739,32,Male,1826
1740,48,Male,1827
1741,39,Male,1828
1742,33,Male,1829
1743,30,Male,1830
1744,43,Male,1831
1745,29,Other,1832
1746,32,Male,1833
1747,19,Female,1834
1748,13,Male,1835
1749,46,Male,1836
1750,13,Female,1837
1751,78,Other,1838
1752,48,Other,1839
1753,56,Female,1840
1754,24,Other,1841
1755,35,Male,1842
1756,11,Other,1843
1757,28,Female,1844
1758,28,Female,1845
1759,14,Female,1846
1760,74,Female,1847
1761,17,Male,1848
1762,48,Other,1849
1763,22,Female,1850
1764,76,Other,1851
1765,39,Other,1852
1766,18,Other,1853
1767,47,Female,1854
1768,53,Female,1855
1769,71,Other,1856
1770,20,Female,1857
1771,79,Other,1858
1772,23,Female,1859
1773,63,Male,1860
1774,72,Female,1861
1775,63,Female,1862
1776,70,Male,1863
1777,36,Other,1864
1778,58,Male,1865
1779,15,Female,1866
1780,21,Male,1867
1781,23,Male,1868
1782,19,Male,1869
1783,60,Female,1870
1784,35,Male,1871
1785,64,Other,1872
1786,36,Female,1873
1787,76,Other,1874
1788,28,Male,1875
1789,16,Male,1876
1790,36,Male,1877
1791,74,Female,1878
1792,80,Female,1879
1793,49,Other,1880
1794,11,Male,1881
1795,27,Other,1882
1796,63,Other,1883
1797,13,Female,1884
1798,26,Male,1885
1799,80,Male,1886
1800,70,Other,1887
1801,54,Female,1888
1802,56,Other,1889
1803,14,Male,1890
1804,22,Female,1891
1805,46,Male,1892
1806,67,Female,1893
1807,20,Other,1894
1808,26,Female,1895
1809,75,Other,1896
1810,26,Other,1897
1811,41,Female,1898
1812,21,Male,1899
1813,44,Female,1900
1814,48,Female,1901
1815,30,Female,1902
1816,66,Female,1903
1817,78,Female,1904
1818,32,Other,1905
1819,67,Other,1906
1820,38,Male,1907
1821,59,Male,1908
1822,76,Male,1909
1823,18,Male,1910
1824,66,Female,1911
1825,65,Other,1912
1826,78,Female,1913
1827,79,Other,1914
1828,29,Male,1915
1829,66,Other,1916
1830,58,Female,1917
1831,26,Female,1918
1832,46,Other,1919
1833,63,Other,1920
1834,11,Male,1921
1835,75,Female,1922
1836,47,Other,1923
1837,74,Other,1924
1838,48,Male,1925
1839,69,Male,1926
1840,49,Other,1927
1841,64,Male,1928
1842,66,Female,1929
1843,12,Male,1930
1844,24,Male,1931
1845,39,Female,1932
1846,25,Male,1933
1847,80,Male,1934
1848,48,Male,1935
1849,65,Male,1936
1850,44,Female,1937
1851,44,Female,1938
1852,36,Male,1939
1853,62,Female,1940
1854,31,Male,1941
1855,25,Female,1942
1856,24,Male,1943
1857,45,Other,1944
1858,55,Male,1945
1859,60,Female,1946
1860,17,Male,1947
1861,23,Female,1948
1862,55,Male,1949
1863,62,Male,1950
1864,38,Female,1951
1865,48,Male,1952
1866,45,Male,1953
1867,22,Other,1954
1868,15,Male,1955
1869,77,Male,1956
1870,63,Male,1957
1871,15,Female,1958
1872,79,Male,1959
1873,40,Other,1960
1874,19,Other,1961
1875,19,Female,1962
1876,35,Male,1963
1877,34,Other,1964
1878,25,Other,1965
1879,46,Male,1966
1880,38,Female,1967
1881,24,Female,1968
1882,20,Female,1969
1883,40,Female,1970
1884,39,Male,1971
1885,12,Other,1972
1886,77,Male,1973
1887,15,Male,1974
1888,52,Other,1975
1889,44,Male,1976
1890,38,Male,1977
1891,49,Male,1978
1892,34,Other,1979
1893,30,Other,1980
1894,63,Other,1981
1895,10,Female,1982
1896,76,Female,1983
1897,52,Male,1984
1898,14,Male,1985
1899,79,Female,1986
1900,39,Other,1987
1901,79,Male,1988
1902,78,Male,1989
1903,58,Other,1990
1904,51,Female,1991
1905,56,Male,1992
1906,40,Female,1993
1907,23,Male,1994
1908,65,Female,1995
1909,30,Male,1996
1910,17,Female,1997
1911,43,Other,1998
1912,69,Other,1999
1913,52,Male,2000
1914,49,Other,2001
1915,21,Male,2002
1916,77,Male,2003
1917,74,Other,2004
1918,21,Male,2005
1919,76,Other,2006
1920,32,Female,2007
1921,67,Other,2008
1922,30,Other,2009
1923,49,Other,2010
1924,11,Female,2011
1925,68,Female,2012
1926,33,Male,2013
1927,50,Male,2014
1928,12,Female,2015
1929,27,Other,2016
1930,28,Female,2017
1931,61,Male,2018
1932,74,Male,2019
1933,65,Other,2020
1934,72,Other,2021
1935,37,Other,2022
1936,76,Male,2023
1937,41,Female,2024
1938,39,Other,2025
1939,32,Male,2026
1940,35,Male,2027
1941,54,Other,2028
1942,76,Male,2029
1943,72,Female,2030
1944,72,Female,2031
1945,29,Male,2032
1946,56,Female,2033
1947,53,Other,2034
1948,68,Other,2035
1949,46,Female,2036
1950,35,Male,2037
1951,18,Male,2038
1952,49,Other,2039
1953,27,Male,2040
1954,60,Other,2041
1955,19,Male,2042
1956,57,Other,2043
1957,44,Male,2044
1958,80,Female,2045
1959,17,Female,2046
1960,17,Other,2047
1961,62,Other,2048
1962,24,Other,2049
1963,22,Male,2050
1964,52,Male,2051
1965,52,Other,2052
1966,18,Male,2053
1967,66,Male,2054
1968,17,Female,2055
1969,74,Female,2056
1970,69,Other,2057
1971,37,Other,2058
1972,51,Other,2059
1973,13,Male,2060
1974,54,Male,2061
1975,70,Female,2062
1976,60,Male,2063
1977,39,Male,2064
1978,12,Other,2065
1979,33,Other,2066
1980,76,Male,2067
1981,17,Male,2068
1982,77,Male,2069
1983,45,Male,2070
1984,66,Male,2071
1985,11,Other,2072
1986,45,Female,2073
1987,57,Female,2074
1988,42,Male,2075
1989,80,Other,2076
1990,42,Male,2077
1991,15,Male,2078
1992,39,Other,2079
1993,45,Male,2080
1994,76,Female,2081
1995,80,Female,2082
1996,19,Male,2083
1997,50,Female,2084
1998,29,Other,2085
1999,12,Other,2086
2000,73,Other,2087
2001,51,Male,2088
2002,14,Female,2089
2003,58,Other,2090
2004,15,Other,2091
2005,19,Other,2092
2006,45,Other,2093
2007,67,Male,2094
2008,61,Female,2095
2009,66,Male,2096
2010,57,Male,2097
2011,28,Male,2098
2012,79,Female,2099
2013,78,Female,2100
2014,35,Female,2101
2015,77,Female,2102
2016,59,Other,2103
2017,71,Female,2104
2018,66,Other,2105
2019,65,Male,2106
2020,39,Other,2107
2021,68,Male,2108
2022,16,Female,2109
2023,13,Male,2110
2024,33,Male,2111
2025,52,Female,2112
2026,44,Other,2113
2027,32,Female,2114
2028,65,Male,2115
2029,28,Other,2116
2030,46,Female,2117
2031,48,Female,2118
2032,44,Other,2119
2033,66,Other,2120
2034,12,Female,2121
2035,44,Male,2122
2036,21,Female,2123
2037,76,Other,2124
2038,22,Female,2125
2039,19,Male,2126
2040,15,Female,2127
2041,65,Male,2128
2042,19,Other,2129
2043,14,Other,2130
2044,56,Other,2131
2045,15,Female,2132
2046,13,Female,2133
2047,49,Male,2134
2048,42,Male,2135
2049,53,Other,2136
2050,11,Female,2137
2051,20,Male,2138
2052,76,Other,2139
2053,79,Female,2140
2054,54,Other,2141
2055,72,Male,2142
2056,48,Other,2143
2057,55,Female,2144
2058,46,Male,2145
2059,32,Male,2146
2060,36,Male,2147
2061,62,Other,2148
2062,46,Male,2149
2063,56,Female,2150
2064,73,Male,2151
2065,33,Other,2152
2066,40,Male,2153
2067,27,Other,2154
2068,27,Other,2155
2069,58,Female,2156
2070,20,Female,2157
2071,24,Other,2158
2072,48,Other,2159
2073,51,Female,2160
2074,33,Female,2161
2075,11,Other,2162
2076,61,Male,2163
2077,77,Female,2164
2078,62,Male,2165
2079,17,Male,2166
2080,17,Male,2167
2081,72,Male,2168
2082,60,Other,2169
2083,41,Other,2170
2084,61,Other,2171
2085,27,Other,2172
2086,22,Male,2173
2087,35,Female,2174
2088,71,Other,2175
2089,13,Other,2176
2090,26,Female,2177
2091,74,Other,2178
2092,80,Male,2179
2093,19,Male,2180
2094,66,Male,2181
2095,73,Male,2182
2096,64,Female,2183
2097,60,Other,2184
2098,26,Other,2185
2099,62,Female,2186
2100,19,Female,2187
2101,19,Male,2188
2102,63,Male,2189
2103,36,Female,2190
2104,45,Female,2191
2105,50,Male,2192
2106,28,Male,2193
2107,59,Female,2194
2108,29,Female,2195
2109,58,Other,2196
2110,11,Male,2197
2111,39,Male,2198
2112,51,Other,2199
2113,66,Male,2200
2114,20,Male,2201
2115,10,Female,2202
2116,43,Female,2203
2117,48,Male,2204
2118,18,Male,2205
2119,51,Male,2206
2120,31,Male,2207
2121,68,Male,2208
2122,57,Female,2209
2123,24,Male,2210
2124,62,Other,2211
2125,35,Other,2212
2126,33,Male,2213
2127,34,Male,2214
2128,41,Male,2215
2129,34,Male,2216
2130,60,Male,2217
2131,69,Male,2218
2132,76,Female,2219
2133,58,Female,2220
2134,53,Other,2221
2135,46,Female,2222
2136,46,Other,2223
2137,71,Female,2224
2138,34,Male,2225
2139,80,Female,2226
2140,40,Male,2227
2141,57,Other,2228
2142,32,Other,2229
2143,29,Other,2230
2144,11,Female,2231
2145,66,Male,2232
2146,68,Other,2233
2147,57,Other,2234
2148,24,Male,2235
2149,58,Female,2236
2150,65,Other,2237
2151,79,Other,2238
2152,64,Other,2239
2153,33,Other,2240
2154,17,Other,2241
2155,46,Male,2242
2156,33,Male,2243
2157,18,Male,2244
2158,20,Female,2245
2159,49,Female,2246
2160,53,Other,2247
2161,31,Male,2248
2162,40,Male,2249
2163,44,Other,2250
2164,27,Other,2251
2165,66,Male,2252
2166,31,Other,2253
2167,31,Female,2254
2168,56,Other,2255
2169,33,Other,2256
2170,15,Other,2257
2171,44,Male,2258
2172,24,Male,2259
2173,14,Male,2260
2174,41,Other,2261
2175,12,Other,2262
2176,47,Male,2263
2177,64,Female,2264
2178,65,Male,2265
2179,79,Male,2266
2180,32,Male,2267
2181,22,Other,2268
2182,36,Male,2269
2183,42,Other,2270
2184,53,Female,2271
2185,74,Male,2272
2186,72,Male,2273
2187,14,Male,2274
2188,27,Male,2275
2189,76,Male,2276
2190,62,Female,2277
2191,60,Other,2278
2192,50,Female,2279
2193,44,Other,2280
2194,64,Other,2281
2195,51,Male,2282
2196,35,Female,2283
2197,56,Other,2284
2198,76,Male,2285
2199,57,Male,2286
2200,54,Female,2287
2201,32,Other,2288
2202,29,Other,2289
2203,12,Female,2290
2204,73,Other,2291
2205,40,Other,2292
2206,18,Other,2293
2207,36,Male,2294
2208,64,Female,2295
2209,49,Male,2296
2210,29,Other,2297
2211,28,Male,2298
2212,10,Female,2299
2213,30,Female,2300
2214,54,Other,2301
2215,62,Male,2302
2216,52,Other,2303
2217,70,Female,2304
2218,33,Male,2305
2219,44,Female,2306
2220,34,Male,2307
2221,14,Other,2308
2222,58,Female,2309
2223,69,Female,2310
2224,72,Male,2311
2225,66,Male,2312
2226,22,Female,2313
2227,48,Female,2314
2228,58,Other,2315
2229,21,Other,2316
2230,41,Female,2317
2231,67,Male,2318
2232,29,Other,2319
2233,46,Male,2320
2234,34,Other,2321
2235,39,Other,2322
2236,22,Female,2323
2237,51,Male,2324
2238,58,Other,2325
2239,64,Female,2326
2240,12,Male,2327
2241,78,Female,2328
2242,57,Other,2329
2243,76,Other,2330
2244,44,Male,2331
2245,78,Other,2332
2246,17,Female,2333
2247,70,Female,2334
2248,76,Other,2335
2249,10,Male,2336
2250,28,Female,2337
2251,43,Other,2338
2252,32,Male,2339
2253,40,Other,2340
2254,67,Male,2341
2255,64,Male,2342
2256,35,Male,2343
2257,57,Male,2344
2258,48,Female,2345
2259,30,Female,2346
2260,42,Male,2347
2261,73,Female,2348
2262,14,Male,2349
2263,64,Female,2350
2264,40,Other,2351
2265,21,Female,2352
2266,15,Male,2353
2267,58,Male,2354
2268,56,Male,2355
2269,63,Female,2356
2270,72,Other,2357
2271,55,Other,2358
2272,76,Male,2359
2273,70,Male,2360
2274,59,Male,2361
2275,42,Male,2362
2276,23,Other,2363
2277,37,Other,2364
2278,16,Other,2365
2279,30,Female,2366
2280,25,Female,2367
2281,50,Female,2368
2282,70,Female,2369
2283,54,Male,2370
2284,59,Female,2371
2285,48,Other,2372
2286,51,Female,2373
2287,32,Other,2374
2288,39,Female,2375
2289,71,Male,2376
2290,28,Female,2377
2291,40,Female,2378
2292,40,Other,2379
2293,28,Other,2380
2294,14,Male,2381
2295,34,Female,2382
2296,54,Other,2383
2297,44,Female,2384
2298,44,Female,2385
2299,23,Male,2386
2300,78,Male,2387
2301,74,Male,2388
2302,59,Female,2389
2303,27,Female,2390
2304,30,Male,2391
2305,80,Other,2392
2306,29,Other,2393
2307,46,Female,2394
2308,13,Other,2395
2309,38,Female,2396
2310,80,Male,2397
2311,32,Male,2398
2312,57,Male,2399
2313,78,Other,2400
2314,23,Other,2401
2315,66,Female,2402
2316,30,Female,2403
2317,21,Male,2404
2318,80,Female,2405
2319,15,Male,2406
2320,65,Female,2407
2321,78,Other,2408
2322,76,Female,2409
2323,38,Female,2410
2324,51,Female,2411
2325,43,Male,2412
2326,26,Female,2413
2327,30,Female,2414
2328,23,Female,2415
2329,60,Male,2416
2330,74,Male,2417
2331,60,Male,2418
2332,49,Other,2419
2333,50,Female,2420
2334,58,Female,2421
2335,71,Male,2422
2336,57,Male,2423
2337,25,Male,2424
2338,60,Female,2425
2339,70,Male,2426
2340,43,Female,2427
2341,58,Male,2428
2342,17,Female,2429
2343,76,Other,2430
2344,25,Other,2431
2345,45,Other,2432
2346,24,Male,2433
2347,31,Other,2434
2348,29,Other,2435
2349,67,Other,2436
2350,54,Other,2437
2351,72,Female,2438
2352,30,Other,2439
2353,42,Male,2440
2354,12,Male,2441
2355,59,Male,2442
2356,38,Other,2443
2357,71,Female,2444
2358,31,Female,2445
2359,46,Other,2446
2360,57,Male,2447
2361,47,Other,2448
2362,60,Other,2449
2363,37,Female,2450
2364,48,Male,2451
2365,68,Female,2452
2366,67,Female,2453
2367,70,Other,2454
2368,62,Other,2455
2369,30,Female,2456
2370,28,Other,2457
2371,25,Female,2458
2372,61,Other,2459
2373,76,Male,2460
2374,17,Other,2461
2375,10,Male,2462
2376,78,Male,2463
2377,39,Other,2464
2378,75,Other,2465
2379,22,Female,2466
2380,56,Male,2467
2381,30,Other,2468
2382,42,Male,2469
2383,24,Male,2470
2384,26,Female,2471
2385,25,Female,2472
2386,72,Male,2473
2387,56,Male,2474
2388,59,Male,2475
2389,74,Male,2476
2390,42,Female,2477
2391,68,Other,2478
2392,13,Other,2479
2393,62,Female,2480
2394,70,Female,2481
2395,44,Male,2482
2396,30,Female,2483
2397,59,Female,2484
2398,63,Other,2485
2399,59,Female,2486
2400,44,Male,2487
2401,38,Other,2488
2402,31,Male,2489
2403,74,Other,2490
2404,72,Male,2491
2405,40,Male,2492
2406,17,Other,2493
2407,13,Other,2494
2408,64,Female,2495
2409,20,Male,2496
2410,39,Other,2497
2411,29,Female,2498
2412,50,Female,2499
2413,40,Female,2500
2414,37,Other,2501
2415,57,Other,2502
2416,79,Other,2503
2417,14,Other,2504
2418,47,Female,2505
2419,51,Female,2506
2420,44,Other,2507
2421,42,Male,2508
2422,12,Other,2509
2423,29,Male,2510
2424,63,Female,2511
2425,10,Other,2512
2426,41,Other,2513
2427,35,Male,2514
2428,48,Other,2515
2429,71,Male,2516
2430,17,Other,2517
2431,50,Other,2518
2432,46,Other,2519
2433,43,Other,2520
2434,17,Other,2521
2435,51,Male,2522
2436,27,Female,2523
2437,30,Female,2524
2438,18,Male,2525
2439,63,Female,2526
2440,25,Other,2527
2441,22,Other,2528
2442,55,Female,2529
2443,33,Male,2530
2444,36,Female,2531
2445,36,Female,2532
2446,42,Other,2533
2447,35,Male,2534
2448,80,Female,2535
2449,75,Other,2536
2450,70,Female,2537
2451,36,Other,2538
2452,57,Other,2539
2453,71,Female,2540
2454,44,Male,2541
2455,45,Male,2542
2456,30,Female,2543
2457,50,Male,2544
2458,72,Other,2545
2459,42,Female,2546
2460,38,Other,2547
2461,76,Male,2548
2462,21,Female,2549
2463,20,Male,2550
2464,29,Male,2551
2465,70,Female,2552
2466,48,Female,2553
2467,46,Other,2554
2468,24,Male,2555
2469,48,Female,2556
2470,75,Female,2557
2471,40,Male,2558
2472,62,Other,2559
2473,42,Female,2560
2474,23,Other,2561
2475,54,Female,2562
2476,25,Male,2563
2477,21,Female,2564
2478,73,Other,2565
2479,20,Male,2566
2480,14,Male,2567
2481,28,Other,2568
2482,36,Female,2569
2483,60,Other,2570
2484,67,Female,2571
2485,29,Female,2572
2486,66,Male,2573
2487,61,Female,2574
2488,66,Female,2575
2489,20,Female,2576
2490,48,Other,2577
2491,66,Male,2578
2492,14,Male,2579
2493,27,Other,2580
2494,47,Male,2581
2495,26,Other,2582
2496,80,Male,2583
2497,54,Female,2584
2498,33,Female,2585
2499,37,Other,2586
2500,62,Other,2587
2501,72,Other,2588
2502,17,Female,2589
2503,52,Other,2590
2504,53,Female,2591
2505,68,Male,2592
2506,30,Other,2593
2507,74,Female,2594
2508,27,Male,2595
2509,25,Female,2596
2510,25,Other,2597
2511,50,Female,2598
2512,45,Female,2599
2513,68,Other,2600
2514,79,Male,2601
2515,44,Male,2602
2516,49,Female,2603
2517,16,Female,2604
2518,45,Male,2605
2519,37,Female,2606
2520,46,Male,2607
2521,52,Male,2608
2522,32,Female,2609
2523,17,Other,2610
2524,42,Male,2611
2525,32,Male,2612
2526,57,Other,2613
2527,69,Male,2614
2528,67,Male,2615
2529,22,Female,2616
2530,67,Other,2617
2531,74,Other,2618
2532,16,Female,2619
2533,18,Male,2620
2534,37,Other,2621
2535,14,Male,2622
2536,27,Male,2623
2537,65,Female,2624
2538,15,Female,2625
2539,78,Female,2626
2540,79,Female,2627
2541,21,Female,2628
2542,68,Female,2629
2543,23,Other,2630
2544,10,Other,2631
2545,80,Other,2632
2546,62,Female,2633
2547,75,Female,2634
2548,49,Male,2635
2549,79,Male,2636
2550,21,Female,2637
2551,51,Other,2638
2552,76,Male,2639
2553,77,Female,2640
2554,20,Other,2641
2555,35,Other,2642
2556,11,Male,2643
2557,74,Female,2644
2558,50,Female,2645
2559,45,Other,2646
2560,46,Male,2647
2561,71,Female,2648
2562,24,Other,2649
2563,49,Male,2650
2564,39,Female,2651
2565,53,Male,2652
2566,72,Male,2653
2567,74,Other,2654
2568,80,Other,2655
2569,36,Other,2656
2570,38,Female,2657
2571,20,Male,2658
2572,12,Male,2659
2573,14,Male,2660
2574,33,Male,2661
2575,67,Female,2662
2576,24,Male,2663
2577,14,Other,2664
2578,25,Other,2665
2579,80,Female,2666
2580,78,Female,2667
2581,62,Female,2668
2582,57,Female,2669
2583,53,Female,2670
2584,51,Male,2671
2585,16,Male,2672
2586,54,Female,2673
2587,15,Male,2674
2588,48,Female,2675
2589,49,Male,2676
2590,15,Male,2677
2591,46,Male,2678
2592,56,Male,2679
2593,47,Male,2680
2594,73,Male,2681
2595,15,Male,2682
2596,17,Male,2683
2597,31,Female,2684
2598,48,Male,2685
2599,15,Male,2686
2600,45,Female,2687
2601,43,Male,2688
2602,31,Female,2689
2603,25,Other,2690
2604,79,Other,2691
2605,20,Male,2692
2606,73,Female,2693
2607,11,Male,2694
2608,69,Female,2695
2609,26,Other,2696
2610,61,Male,2697
2611,20,Female,2698
2612,53,Other,2699
2613,21,Other,2700
2614,17,Other,2701
2615,17,Other,2702
2616,78,Other,2703
2617,22,Male,2704
2618,60,Male,2705
2619,64,Female,2706
2620,45,Female,2707
2621,10,Other,2708
2622,12,Female,2709
2623,29,Female,2710
2624,65,Male,2711
2625,58,Other,2712
2626,27,Male,2713
2627,16,Male,2714
2628,63,Female,2715
2629,24,Male,2716
2630,51,Other,2717
2631,77,Male,2718
2632,33,Female,2719
2633,22,Male,2720
2634,12,Male,2721
2635,60,Female,2722
2636,57,Male,2723
2637,78,Female,2724
2638,78,Male,2725
2639,69,Other,2726
2640,71,Female,2727
2641,73,Other,2728
2642,80,Male,2729
2643,59,Other,2730
2644,28,Other,2731
2645,52,Other,2732
2646,60,Other,2733
2647,72,Male,2734
2648,34,Female,2735
2649,64,Female,2736
2650,52,Other,2737
2651,70,Male,2738
2652,30,Male,2739
2653,16,Male,2740
2654,31,Other,2741
2655,59,Female,2742
2656,37,Female,2743
2657,52,Male,2744
2658,27,Male,2745
2659,56,Male,2746
2660,59,Other,2747
2661,45,Female,2748
2662,53,Other,2749
2663,13,Male,2750
2664,55,Other,2751
2665,22,Female,2752
2666,28,Female,2753
2667,47,Male,2754
2668,55,Female,2755
2669,50,Female,2756
2670,39,Male,2757
2671,61,Male,2758
2672,69,Other,2759
2673,20,Male,2760
2674,35,Other,2761
2675,15,Male,2762
2676,69,Other,2763
2677,57,Female,2764
2678,66,Male,2765
2679,40,Female,2766
2680,42,Male,2767
2681,16,Female,2768
2682,47,Male,2769
2683,14,Other,2770
2684,50,Female,2771
2685,55,Male,2772
2686,49,Other,2773
2687,75,Other,2774
2688,28,Male,2775
2689,79,Male,2776
2690,24,Other,2777
2691,42,Other,2778
2692,54,Other,2779
2693,71,Female,2780
2694,54,Other,2781
2695,44,Male,2782
2696,63,Male,2783
2697,62,Other,2784
2698,19,Female,2785
2699,36,Male,2786
2700,42,Other,2787
2701,35,Other,2788
2702,10,Male,2789
2703,44,Male,2790
2704,68,Other,2791
2705,24,Male,2792
2706,32,Other,2793
2707,69,Male,2794
2708,73,Other,2795
2709,18,Female,2796
2710,63,Other,2797
2711,21,Other,2798
2712,24,Male,2799
2713,71,Other,2800
2714,56,Other,2801
2715,53,Female,2802
2716,31,Male,2803
2717,12,Female,2804
2718,37,Male,2805
2719,17,Female,2806
2720,42,Female,2807
2721,48,Female,2808
2722,16,Other,2809
2723,26,Male,2810
2724,54,Male,2811
2725,71,Male,2812
2726,49,Male,2813
2727,15,Male,2814
2728,70,Male,2815
2729,13,Male,2816
2730,71,Female,2817
2731,50,Female,2818
2732,58,Other,2819
2733,38,Male,2820
2734,28,Female,2821
2735,59,Female,2822
2736,20,Other,2823
2737,38,Other,2824
2738,61,Female,2825
2739,79,Female,2826
2740,17,Female,2827
2741,72,Male,2828
2742,23,Female,2829
2743,72,Female,2830
2744,37,Female,2831
2745,42,Other,2832
2746,66,Male,2833
2747,42,Other,2834
2748,67,Female,2835
2749,66,Other,2836
2750,22,Male,2837
2751,58,Male,2838
2752,55,Male,2839
2753,77,Female,2840
2754,74,Female,2841
2755,15,Male,2842
2756,15,Male,2843
2757,46,Other,2844
2758,71,Male,2845
2759,61,Male,2846
2760,68,Female,2847
2761,66,Male,2848
2762,29,Male,2849
2763,61,Male,2850
2764,50,Other,2851
2765,65,Male,2852
2766,12,Male,2853
2767,33,Other,2854
2768,34,Female,2855
2769,14,Male,2856
2770,75,Male,2857
2771,44,Male,2858
2772,61,Other,2859
2773,53,Other,2860
2774,60,Female,2861
2775,52,Female,2862
2776,75,Female,2863
2777,23,Male,2864
2778,26,Male,2865
2779,13,Female,2866
2780,39,Other,2867
2781,29,Male,2868
2782,59,Female,2869
2783,18,Other,2870
2784,76,Other,2871
2785,31,Other,2872
2786,71,Other,2873
2787,26,Other,2874
2788,46,Male,2875
2789,50,Male,2876
2790,39,Female,2877
2791,16,Male,2878
2792,74,Other,2879
2793,53,Female,2880
2794,75,Male,2881
2795,42,Female,2882
2796,48,Male,2883
2797,38,Male,2884
2798,44,Male,2885
2799,21,Female,2886
2800,32,Female,2887
2801,72,Male,2888
2802,28,Other,2889
2803,43,Female,2890
2804,17,Other,2891
2805,61,Male,2892
2806,32,Other,2893
2807,24,Male,2894
2808,10,Male,2895
2809,41,Other,2896
2810,37,Male,2897
2811,23,Female,2898
2812,73,Male,2899
2813,56,Other,2900
2814,65,Male,2901
2815,63,Female,2902
2816,64,Other,2903
2817,62,Other,2904
2818,25,Female,2905
2819,39,Male,2906
2820,54,Other,2907
2821,23,Female,2908
2822,61,Female,2909
2823,58,Other,2910
2824,22,Male,2911
2825,52,Other,2912
2826,36,Female,2913
2827,20,Other,2914
2828,20,Male,2915
2829,46,Other,2916
2830,56,Other,2917
2831,69,Female,2918
2832,53,Other,2919
2833,77,Female,2920
2834,76,Male,2921
2835,61,Female,2922
2836,13,Male,2923
2837,57,Other,2924
2838,73,Male,2925
2839,70,Female,2926
2840,27,Male,2927
2841,31,Other,2928
2842,74,Female,2929
2843,39,Female,2930
2844,18,Female,2931
2845,58,Female,2932
2846,69,Other,2933
2847,40,Female,2934
2848,65,Other,2935
2849,35,Other,2936
2850,45,Other,2937
2851,24,Male,2938
2852,39,Female,2939
2853,45,Male,2940
2854,76,Other,2941
2855,38,Male,2942
2856,65,Female,2943
2857,58,Female,2944
2858,18,Other,2945
2859,66,Other,2946
2860,62,Other,2947
2861,65,Female,2948
2862,72,Other,2949
2863,43,Female,2950
2864,29,Other,2951
2865,58,Other,2952
2866,10,Male,2953
2867,29,Male,2954
2868,47,Other,2955
2869,74,Other,2956
2870,65,Other,2957
2871,17,Male,2958
2872,20,Female,2959
2873,76,Female,2960
2874,53,Female,2961
2875,57,Female,2962
2876,79,Male,2963
2877,27,Other,2964
2878,68,Female,2965
2879,24,Other,2966
2880,18,Other,2967
2881,78,Male,2968
2882,30,Other,2969
2883,27,Other,2970
2884,59,Male,2971
2885,74,Other,2972
2886,67,Female,2973
2887,24,Female,2974
2888,62,Other,2975
2889,48,Female,2976
2890,10,Other,2977
2891,39,Male,2978
2892,68,Male,2979
2893,14,Male,2980
2894,23,Female,2981
2895,68,Male,2982
2896,18,Male,2983
2897,50,Other,2984
2898,33,Female,2985
2899,73,Female,2986
2900,44,Female,2987
2901,69,Other,2988
2902,15,Male,2989
2903,54,Other,2990
2904,62,Other,2991
2905,73,Male,2992
2906,66,Other,2993
2907,18,Other,2994
2908,46,Male,2995
2909,70,Male,2996
2910,27,Other,2997
2911,44,Other,2998
2912,73,Female,2999
2913,15,Male,3000
